date,EPA_PM2.5,EPA_PM10,EPA_NO2,12_PM2.5,12_PM10,12_NO2,35_PM2.5,35_PM10,35_NO2,36_PM2.5,36_PM10,36_NO2,43_PM2.5,43_PM10,43_NO2,54_PM2.5,54_PM10,54_NO2
2023-05-04T00:00:00+0000,7.98,15.31,7.65,10,10,15.96054615,31.33333333,33,19.64865682,3.666666667,3.666666667,14.75937709,5.333333333,5.333333333,17.83541409,7.333333333,7.333333333,19.18458014
2023-05-04T01:00:00+0000,9.52,16.58,6.14,10,10,16.00096403,34.33333333,42,19.69473487,6,6,14.46699066,6.333333333,6.333333333,17.88033843,10.66666667,10.66666667,19.23956735
2023-05-04T02:00:00+0000,10.87,17.75,5.62,9.5,9.5,16.0284804,43,47.66666667,19.99029499,8.333333333,8.333333333,14.66653127,9,9,18.13194931,13.66666667,13.66666667,19.49789536
2023-05-04T03:00:00+0000,12.68,21.58,7.79,16,16,16.29250411,34,38,20.30774815,11,11,15.08548977,12.33333333,12.33333333,18.4288099,17.66666667,17.66666667,19.81110245
2023-05-04T04:00:00+0000,11.77,20.39,14.32,12.5,12.5,16.73855044,36.66666667,39.66666667,20.61170094,10.66666667,10.66666667,15.66802246,9.333333333,9.333333333,18.70009319,13.66666667,13.66666667,20.17513038
2023-05-04T05:00:00+0000,11.45,20.68,26.17,11,11,16.98764192,41.33333333,43,20.44852627,9.5,9.5,16.30565481,8.333333333,8.333333333,18.6805519,14,14,20.0358644
2023-05-04T06:00:00+0000,13.63,30.99,59.63,11.5,11.5,20.5157276,40.66666667,43.33333333,21.87644182,9,9,19.98478221,9.666666667,9.666666667,18.6648756,13.33333333,13.33333333,19.84829081
2023-05-04T07:00:00+0000,15.74,49.16,55.66,10,10,19.96209296,53.66666667,56,21.30982424,10,10,19.58265259,6,6,18.42187073,12,12,19.48814476
2023-05-04T08:00:00+0000,14.52,36.01,45.24,11.5,11.5,19.32592574,50.66666667,57,20.79499074,8.666666667,8.666666667,19.19776588,11,11,18.15413384,12.66666667,12.66666667,19.0784982
2023-05-04T09:00:00+0000,17.28,40.66,37.90,20,20,18.93677866,40,48.66666667,20.75075185,10,10,19.02240669,10,10,18.09034297,14.33333333,14.33333333,18.91833459
2023-05-04T10:00:00+0000,22.66,50.10,40.34,19.5,20,18.22237969,50,55.66666667,20.08940297,16.66666667,16.66666667,18.66490859,16,16,17.91220388,21.66666667,23.33333333,18.56197273
2023-05-04T11:00:00+0000,23.59,56.00,31.03,21,21,17.32949929,35,42.33333333,20.11418899,19.66666667,19.66666667,18.19683422,17,17,17.6369728,21.33333333,21.66666667,18.07996876
2023-05-04T12:00:00+0000,24.13,54.49,40.84,20.66666667,20.66666667,18.01632565,50.5,57.5,20.64167883,19,19,18.54498588,18,18,17.95639779,22.66666667,23.66666667,18.47259901
2023-05-04T13:00:00+0000,25.97,68.67,33.30,18.5,18.5,17.88204422,44.66666667,52.33333333,20.21952463,19.33333333,19.33333333,18.40788954,19,19,17.94540862,22,22.33333333,18.42467314
2023-05-04T14:00:00+0000,27.15,70.21,39.18,21.66666667,22,16.77869499,26.66666667,34,19.30892157,21.33333333,21.33333333,17.55098803,18,18.33333333,17.25709602,22,23,17.4223719
2023-05-04T15:00:00+0000,28.09,68.30,51.03,,,16.97004953,26.66666667,35.33333333,19.40380447,20.66666667,21.66666667,17.32805764,19.5,19.5,17.14002791,24.66666667,25.66666667,17.26621835
2023-05-04T16:00:00+0000,27.91,62.12,33.69,23,23.66666667,17.49186026,90,100,19.81499563,20.33333333,20.66666667,17.93630718,21,21.66666667,17.67222634,23.66666667,24,17.77760649
2023-05-04T17:00:00+0000,26.16,55.97,37.95,,,18.13382429,36.66666667,44.66666667,20.50296846,18.66666667,18.66666667,18.34553541,17.66666667,17.66666667,18.00404731,23.66666667,25,18.2636369
2023-05-04T18:00:00+0000,23.76,44.14,33.28,22.66666667,24,18.88866915,34.33333333,38.66666667,21.25644061,15.66666667,15.66666667,18.94761259,15.66666667,15.66666667,18.32511281,21.33333333,21.66666667,18.83891513
2023-05-04T19:00:00+0000,20.46,33.77,58.42,,,18.96552425,38,40,20.91856547,18.66666667,18.66666667,19.27560327,18.66666667,18.66666667,18.40791233,25.33333333,26,19.25071037
2023-05-04T20:00:00+0000,18.72,29.07,70.37,18.33333333,18.33333333,18.42949197,28.66666667,33.33333333,20.22977399,16.5,16.5,19.15939782,12.66666667,12.66666667,18.35202364,19.66666667,19.66666667,19.22340235
2023-05-04T21:00:00+0000,20.18,36.87,53.51,,,17.95438946,37,43,20.0039918,13.66666667,13.66666667,19.17772169,11.66666667,11.66666667,18.43248298,15.66666667,15.66666667,19.27840625
2023-05-04T22:00:00+0000,18.74,30.03,45.21,19.33333333,19.33333333,17.60730358,34.33333333,38.66666667,20.09241827,16.66666667,16.66666667,19.37690987,13.5,13.5,18.64441209,24.33333333,25,19.51802208
2023-05-04T23:00:00+0000,11.04,15.86,9.11,,,17.50900914,34,37,19.82730822,13,13,19.24508561,11.66666667,11.66666667,18.47057045,13.33333333,13.33333333,19.40187219
2023-05-05T00:00:00+0000,5.87,10.13,5.46,0,0,17.41248807,24.66666667,26.66666667,19.58145137,1.333333333,1.333333333,19.28900325,1.666666667,1.666666667,18.40572555,0.666666667,0.666666667,19.45705665
2023-05-05T01:00:00+0000,4.66,8.66,4.60,,,17.31479773,21.66666667,25,19.36475141,0,0,19.36967917,0,0,18.39044892,2,2,19.49874092
2023-05-05T02:00:00+0000,0.73,1.88,5.88,0,0,16.89634529,18.66666667,22,18.62537794,0,0,19.07977788,0,0,18.19536163,0,0,19.28898161
2023-05-05T03:00:00+0000,0.41,0.79,5.05,0,0,16.78648996,14.33333333,14.33333333,19.24864724,0,0,18.96133107,0,0,18.14039646,0,0,19.15999635
2023-05-05T04:00:00+0000,0.76,1.55,5.97,0,0,16.61666406,30.33333333,34.33333333,19.75865973,0,0,19.06108683,0,0,18.19478945,0,0,19.26271367
2023-05-05T05:00:00+0000,0.97,1.71,5.00,0,0,16.58216165,19.66666667,20,19.76265686,0,0,19.2358631,0,0,18.56600676,0,0,19.45140911
2023-05-05T06:00:00+0000,1.21,3.69,12.29,0,0,15.71552366,23.33333333,25.66666667,18.58170357,0,0,17.42144356,0,0,20.13482807,0,0,11.11374269
2023-05-05T07:00:00+0000,1.72,5.24,28.31,0,0,15.69657099,21.5,26.5,18.2094173,0,0,16.61374799,0,0,19.94743384,0,0,10.23444548
2023-05-05T08:00:00+0000,2.44,9.49,36.96,0,0.666666667,14.13714182,14,15.33333333,15.02260222,0,0,14.02715765,0,0,18.73152718,0,0,9.634486689
2023-05-05T09:00:00+0000,3.75,16.33,15.91,0,3.666666667,13.10385493,24.66666667,27.33333333,15.08074389,0,0,12.30367968,0,2.333333333,20.71530751,0,1.333333333,8.36383232
2023-05-05T10:00:00+0000,3.08,8.17,9.17,0,6.333333333,13.34484709,41,51.33333333,15.20395983,0,2.5,10.93084847,0,4,19.12125401,0,3.5,9.8040127
2023-05-05T11:00:00+0000,3.40,9.71,10.09,0,7.5,13.54767792,76.66666667,80.33333333,15.75174321,0,4.666666667,10.09281693,0,6.666666667,17.47460375,0,5.333333333,9.305687381
2023-05-05T12:00:00+0000,11.61,51.35,21.66,1.333333333,9,14.66673722,25,30,17.74147472,2,4.666666667,11.15894329,0.666666667,6.666666667,16.95015628,1.666666667,8.666666667,8.858366392
2023-05-05T13:00:00+0000,13.08,48.93,19.52,1.333333333,6,14.98388774,36.33333333,45.33333333,17.98296569,1.666666667,1.666666667,11.77437991,2.333333333,4.666666667,17.52445265,1,5.666666667,7.516097076
2023-05-05T14:00:00+0000,14.34,53.09,23.17,1.666666667,5.666666667,14.65015074,32.33333333,41.33333333,17.58783526,2.333333333,3.333333333,10.80503096,2.5,6,17.46415727,2,6,6.896089954
2023-05-05T15:00:00+0000,13.22,46.28,22.49,1.666666667,5.666666667,14.4798683,28,36,17.03555432,3,3.333333333,11.79172161,2.666666667,5,17.64763701,2,5,5.355923009
2023-05-05T16:00:00+0000,6.29,19.74,16.06,0.333333333,3.666666667,14.00225008,31,39,15.64915776,0.333333333,2,9.936262593,0.333333333,4.333333333,16.70108429,1,3,5.925867697
2023-05-05T17:00:00+0000,4.10,11.37,10.07,0.333333333,6.666666667,13.97967377,33.33333333,38,15.11275053,1,4.666666667,8.932755141,0.333333333,5.333333333,15.92066239,0,3.666666667,5.378835715
2023-05-05T18:00:00+0000,3.65,7.38,8.36,0,6.333333333,13.90512633,22.33333333,24.33333333,15.53245277,0.666666667,5.333333333,8.964318845,0,5.666666667,15.98875791,0,6,3.359538307
2023-05-05T19:00:00+0000,3.49,6.30,6.68,0,7.666666667,13.79378157,46.33333333,50,17.17885523,0.333333333,6.333333333,10.35649183,0,6.666666667,16.4013786,0,7,0.522327261
2023-05-05T20:00:00+0000,3.87,6.32,6.69,0,7,14.11696112,31.66666667,34,18.34001407,0.666666667,4.666666667,12.53051498,0,5.666666667,17.7183009,0.333333333,6.333333333,1.161722041
2023-05-05T21:00:00+0000,4.61,9.30,13.45,1,7,15.15109404,37,39,18.99518724,0.666666667,2,15.00422125,1,4.5,18.22232953,1,6,2.906019192
2023-05-05T22:00:00+0000,5.48,10.65,16.98,,,16.43705922,37,41,19.26174775,0,0,16.63086817,0.666666667,1.666666667,18.55964227,2,3.666666667,5.538241652
2023-05-05T23:00:00+0000,5.80,10.37,26.49,0.666666667,0.666666667,16.62004124,47,50,18.9993033,0,0,17.1049125,0,0,18.82750242,0.666666667,0.666666667,7.004958284
2023-05-06T00:00:00+0000,5.10,9.82,11.98,,,16.85768351,50,52,18.79374447,0,0,17.45269859,0.333333333,0.333333333,18.88794388,0.333333333,0.333333333,7.329978869
2023-05-06T01:00:00+0000,4.11,7.59,9.31,0,0,17.20409314,40.33333333,44.33333333,18.67432202,0,0,17.87051141,0,0,19.19395455,0,0,7.560243509
2023-05-06T02:00:00+0000,4.66,9.44,14.30,,,17.67963507,38.66666667,41.66666667,18.64908708,0,0,18.28657139,0,0,19.27017983,0.666666667,0.666666667,8.378623245
2023-05-06T03:00:00+0000,4.95,9.13,18.32,0,0,17.81641464,39,39.33333333,18.38804885,0,0,18.27643693,0,0,19.12736142,0.333333333,0.333333333,8.870974428
2023-05-06T04:00:00+0000,4.52,7.59,4.17,,,17.59677583,38.33333333,45.33333333,18.25284299,0,0,18.03114044,0,0,18.56801387,0,0,8.690728478
2023-05-06T05:00:00+0000,4.76,8.80,9.57,0,0,17.93249684,46.33333333,50.66666667,18.60807459,0,0,18.24281486,0,0,18.04488734,0,0,10.44487272
2023-05-06T06:00:00+0000,5.90,13.63,13.37,,,17.14961481,37.66666667,44.33333333,15.8802313,0,0,16.56864194,0,0,16.22574806,0,0,16.69463896
2023-05-06T07:00:00+0000,7.51,17.68,10.20,0,0,16.32510328,36,46,15.32290624,0,0,15.93460505,0,0,16.29964585,1,1,16.33371681
2023-05-06T08:00:00+0000,6.26,14.29,12.60,0,0,15.98630777,24.66666667,29.66666667,15.27759156,0,0,15.36296734,0,0,16.3766636,0.333333333,0.333333333,16.03040179
2023-05-06T09:00:00+0000,7.14,18.95,17.37,2.666666667,2.666666667,15.73187502,29.66666667,38.66666667,15.16903364,0,0,14.4557453,1.666666667,1.666666667,16.07226645,2.333333333,2.666666667,15.78112776
2023-05-06T10:00:00+0000,8.35,17.64,15.59,3,3.5,15.84431166,37,45.5,16.38750727,0.666666667,0.666666667,14.73310265,2,2.333333333,15.41146763,2.666666667,3,15.76902276
2023-05-06T11:00:00+0000,8.66,15.35,16.26,2,2.333333333,15.79241006,31.33333333,40.66666667,15.89273,1.333333333,1.333333333,14.41532948,2.333333333,2.333333333,15.76276772,3,3.333333333,15.70651915
2023-05-06T12:00:00+0000,5.75,11.85,12.88,1.666666667,2,15.58472682,23.33333333,29.66666667,15.69197943,0,0,14.07030239,0.666666667,0.666666667,15.23234848,1.666666667,1.666666667,15.57713474
2023-05-06T13:00:00+0000,5.68,10.05,10.19,1.333333333,3,15.38676191,29.66666667,37.66666667,15.73512116,0.333333333,0.333333333,13.59538826,1,3,15.11208356,0.666666667,1.666666667,15.45939342
2023-05-06T14:00:00+0000,6.82,12.43,11.16,1.333333333,5,14.80559621,34,46.33333333,15.96855738,1,1,13.04092522,1,5,15.29921175,1.5,4,15.09952668
2023-05-06T15:00:00+0000,7.18,12.84,11.22,0.666666667,2.666666667,14.9461893,27.33333333,33.33333333,15.13907605,1.666666667,1.666666667,13.04332968,2,6.333333333,17.00642843,2.333333333,6.333333333,15.04273311
2023-05-06T16:00:00+0000,6.17,10.22,7.67,0.666666667,3.333333333,15.21496724,28.33333333,35.33333333,16.17988743,1.333333333,1.333333333,13.57471458,1,3.666666667,15.17757333,1.666666667,2.666666667,15.00610438
2023-05-06T17:00:00+0000,7.02,12.14,9.07,2,6,15.29231463,32.66666667,38.66666667,16.41094427,1.333333333,1.333333333,13.62183198,1,3,14.9032599,2,4,15.12750068
2023-05-06T18:00:00+0000,7.79,12.00,12.00,3,3.666666667,15.72750034,32,39.66666667,16.9471855,0.666666667,0.666666667,14.63634188,1.666666667,2.666666667,15.35333602,4.333333333,4.666666667,15.53361654
2023-05-06T19:00:00+0000,9.21,13.35,16.02,3.666666667,3.666666667,15.97420677,40.5,41,16.61019861,0,0,14.642397,1.333333333,1.333333333,15.35060932,4,4,15.7175726
2023-05-06T20:00:00+0000,10.45,15.21,22.74,3.5,3.5,16.15342804,40.33333333,42,16.12043076,1.333333333,1.333333333,14.62750048,3,3,15.16093978,4.666666667,4.666666667,15.87456288
2023-05-06T21:00:00+0000,9.29,11.35,19.91,1,1,16.20641572,36.66666667,45,15.69479475,4.333333333,4.333333333,14.52006866,1.666666667,1.666666667,15.13520882,3.666666667,3.666666667,15.8360336
2023-05-06T22:00:00+0000,8.88,13.37,33.49,2,2,16.32513347,42.66666667,45.66666667,17.08103962,0.666666667,0.666666667,15.81370277,4,4,14.86596911,5.666666667,5.666666667,16.07577169
2023-05-06T23:00:00+0000,7.68,11.65,31.48,4.5,4.5,16.83234958,45,49.66666667,16.50794825,0.666666667,0.666666667,15.77775072,0.666666667,0.666666667,15.2558321,3,3,16.45553024
2023-05-07T00:00:00+0000,5.08,7.16,10.05,,,16.56401471,51,61,15.44253086,0,0,14.8059441,0,0,16.75172384,0,0,16.1381032
2023-05-07T01:00:00+0000,5.59,7.71,9.43,0,0,16.39065365,48.66666667,57.66666667,15.9608413,0,0,14.82756124,0,0,18.24864729,1,1,16.01880504
2023-05-07T02:00:00+0000,4.53,6.32,5.61,0,0,16.38810028,38.66666667,44,16.00350125,0,0,14.80872744,0,0,19.19440442,0,0,15.97762703
2023-05-07T03:00:00+0000,3.65,5.23,6.81,,,16.32962406,18.33333333,20.66666667,16.34373978,0,0,15.15223054,0.333333333,0.333333333,18.99215411,0.333333333,0.333333333,15.83170385
2023-05-07T04:00:00+0000,3.68,5.64,11.31,1,1,16.42068245,43.5,46,17.09187585,0,0,15.75957161,1,2,18.85588619,1.333333333,2,15.99517897
2023-05-07T05:00:00+0000,4.18,7.63,14.91,0.5,0.5,16.25757653,52.66666667,58.66666667,16.90410563,0,0,15.94566226,0.666666667,0.666666667,17.52339769,1,1,16.12109415
2023-05-07T06:00:00+0000,4.37,10.61,22.54,0,0,15.07405681,66.66666667,79.33333333,13.8773214,0,0,14.68899487,0,0,15.84458003,0,0,15.33571003
2023-05-07T07:00:00+0000,4.09,8.80,15.58,0,0,14.56853256,53.33333333,67.66666667,10.57279178,0,0,13.5902271,0.333333333,0.333333333,22.43499448,0.333333333,0.333333333,15.31141866
2023-05-07T08:00:00+0000,3.41,6.93,9.44,0,0,14.42695058,2,3.333333333,11.12269238,0,0,12.94377403,1,3.333333333,25.69279428,2,2.666666667,14.90712082
2023-05-07T09:00:00+0000,6.86,23.99,23.45,2.333333333,5.666666667,13.43619961,7.333333333,9.666666667,8.65289118,2,2.666666667,12.35121121,3.333333333,5.333333333,26.71070752,2.666666667,4,14.42439223
2023-05-07T10:00:00+0000,5.03,15.27,9.60,0.666666667,8.333333333,13.2775011,0,6,12.70862631,1,4,11.98649617,1,6.333333333,20.07395132,1,5,14.25524304
2023-05-07T11:00:00+0000,5.15,15.15,7.33,0.666666667,8.666666667,13.37119357,32.66666667,36,14.68411018,1,5.666666667,11.60171478,1.333333333,8.333333333,17.62833791,0.666666667,6.333333333,13.91514691
2023-05-07T12:00:00+0000,10.69,51.43,12.38,2.666666667,9.666666667,14.07393073,9.333333333,13.33333333,16.61453079,5.333333333,8.333333333,11.03419283,3,8.5,15.50594613,3.666666667,9,14.02408862
2023-05-07T13:00:00+0000,5.60,15.05,9.95,1,6.666666667,14.0739619,0,4,14.59156002,1.666666667,5.333333333,10.69024089,1.333333333,6.666666667,16.62695014,1.333333333,7.333333333,13.77271293
2023-05-07T14:00:00+0000,3.35,6.74,10.46,0.333333333,8,13.95151672,12.33333333,16.33333333,15.39626039,0.666666667,7,10.70657088,0.333333333,6.333333333,15.04793435,0.666666667,7,13.67093347
2023-05-07T15:00:00+0000,3.08,5.86,11.05,0.333333333,9.333333333,13.61673451,68.33333333,68.33333333,14.66351536,1,7.333333333,9.650354087,0,8.666666667,16.8358795,0.666666667,8.333333333,13.04641608
2023-05-07T16:00:00+0000,6.33,12.38,7.94,1,8.333333333,15.09546399,50,58.33333333,18.65435884,2,5.5,11.96517406,0.666666667,6,16.29937243,2.333333333,8,13.79798354
2023-05-07T17:00:00+0000,3.63,6.56,11.20,1,8,14.76574737,39,45.33333333,16.87597411,0.666666667,5.333333333,11.86066824,0.666666667,5.666666667,17.76290593,1.333333333,6.666666667,13.67024992
2023-05-07T18:00:00+0000,7.37,16.38,8.51,3,8,15.05418549,39.66666667,50,19.91587973,2.333333333,2.666666667,13.58619717,1.666666667,4.666666667,19.53094592,1.666666667,6,14.20043943
2023-05-07T19:00:00+0000,4.18,8.24,6.72,0.666666667,4.666666667,14.7905682,16,17,17.25489598,1,1,13.21237831,0,2.5,23.47480328,0.5,3.5,14.28729027
2023-05-07T20:00:00+0000,3.79,6.73,6.35,1,4.666666667,14.60166731,20.33333333,22.33333333,17.17830341,1.333333333,1.666666667,13.76192884,0.333333333,3.333333333,24.89447701,1.333333333,4,14.39985069
2023-05-07T21:00:00+0000,3.57,6.24,4.91,0.666666667,3.666666667,14.60658097,37.33333333,43.33333333,16.3919246,0,0,13.9956944,1,3,25.44748996,1,3,14.54334275
2023-05-07T22:00:00+0000,3.83,7.22,5.25,2,5,14.95776211,30,38,17.1751176,0,0,14.59080284,0.333333333,1.333333333,25.63036897,1.333333333,2.666666667,14.82497058
2023-05-07T23:00:00+0000,4.14,6.99,5.24,,,15.32976878,23.33333333,27.33333333,16.95652864,0,0,14.83767891,0,0,25.86985491,0.666666667,0.666666667,15.15478593
2023-05-08T00:00:00+0000,1.97,5.31,2.52,0,0,15.19845001,24.66666667,30.66666667,15.26689984,0,0,14.79250667,0,0,26.35604053,0,0,15.21480458
2023-05-08T01:00:00+0000,1.56,5.70,3.64,0,0,14.41503049,39.33333333,47.33333333,14.16045484,0,0,14.960848,0,0,26.71612922,0,0,15.02090323
2023-05-08T02:00:00+0000,2.57,9.26,4.15,0,0,14.50151526,34.33333333,40,14.07638434,0,0,15.12394917,0,0,27.27206206,0,0,15.29881397
2023-05-08T03:00:00+0000,2.57,9.33,2.22,0,0,15.14781284,37,40.33333333,14.16036575,0,0,15.44596337,0,0,27.09718194,0,0,15.59439251
2023-05-08T04:00:00+0000,2.86,9.50,4.61,0,0,15.30037851,33,36.33333333,13.11290804,0,0,15.78734502,0,0,27.46008294,0,0,15.71266681
2023-05-08T05:00:00+0000,1.10,3.37,8.10,0,0,15.08978257,34,105,11.62388855,0,0,16.44342062,0,0,28.4071949,0,0,15.72567798
2023-05-08T06:00:00+0000,1.85,5.39,11.82,0,0,17.54236933,19,29.5,14.90706032,0,0,18.41646358,0,0,26.38063561,0,0,18.25715305
2023-05-08T07:00:00+0000,0.54,1.68,15.18,0,0,16.69025906,10.66666667,13.33333333,14.47363157,0,0,18.48105509,0,0,26.83955411,0,0,18.25067349
2023-05-08T08:00:00+0000,0.55,2.35,13.41,0,0,16.01765479,13.66666667,18,13.81310771,0,0,18.29210498,0,0,27.62027034,0,0,17.92819217
2023-05-08T09:00:00+0000,0.88,3.19,8.29,0,0,16.09986912,23,26.33333333,14.57570968,0,0,17.89933883,0,0,27.65991546,0,0,17.42973458
2023-05-08T10:00:00+0000,1.39,5.31,7.91,0,0.333333333,15.7974261,20,25,14.23169487,0,0,16.87977467,0,0.333333333,27.35986862,0,0,16.87887109
2023-05-08T11:00:00+0000,2.17,7.00,13.18,0,1.333333333,15.79323051,18.33333333,25,15.04501846,0,0,16.6426424,0,0,27.28617537,0,0,16.80090668
2023-05-08T12:00:00+0000,2.37,6.45,14.45,0.333333333,2.666666667,15.23295515,10.66666667,12,14.84344315,0,0,16.20152241,0,1.333333333,28.10174335,0.333333333,1.333333333,16.53854175
2023-05-08T13:00:00+0000,2.88,8.50,14.17,0,4.333333333,14.53116888,33.66666667,35,13.52857232,0,4.666666667,15.16992139,0,4.333333333,29.05719559,0,4.333333333,15.80112164
2023-05-08T14:00:00+0000,2.72,8.27,9.40,0,8.333333333,14.75832237,107,107,15.53265993,0,6.333333333,14.40603064,0,7.333333333,28.36069955,0,8,15.02200904
2023-05-08T15:00:00+0000,3.16,10.02,10.95,0,9.5,15.19249239,35,37.33333333,15.30936146,0,6.333333333,13.68572659,0,8,28.70039228,0,8,14.178144
2023-05-08T16:00:00+0000,3.26,9.15,9.82,0,8.333333333,15.29419172,17,21.5,15.54006722,0,6.333333333,13.29658928,0,8,29.14180566,0,8,13.61494782
2023-05-08T17:00:00+0000,3.01,6.95,8.91,0,8,15.93261483,52.33333333,54.33333333,16.74105841,0,5,13.60882382,0,7.333333333,28.89688834,0.333333333,7.333333333,14.26803265
2023-05-08T18:00:00+0000,2.80,4.79,8.49,0,7,16.16272502,31,33.66666667,16.9728571,0,4,13.92593402,0,6,29.13606913,0,6.333333333,14.72421946
2023-05-08T19:00:00+0000,3.47,6.66,12.19,0.666666667,6.666666667,16.95578384,18.66666667,22.33333333,20.64307869,0.333333333,1.666666667,16.34105976,0.333333333,4,27.34925536,0.666666667,5.333333333,15.3466324
2023-05-08T20:00:00+0000,2.32,3.50,13.20,,,17.52867113,27.33333333,32.33333333,19.5430924,0,0,17.20231153,0,0,26.28905039,0.333333333,1.666666667,16.45130204
2023-05-08T21:00:00+0000,3.47,5.79,16.93,,,17.8761129,32,43.33333333,18.41800526,0,0,17.50247424,0,0,25.90772664,0,0,17.65792263
2023-05-08T22:00:00+0000,4.64,8.20,18.58,0,0,18.15109776,38.66666667,41,17.72421909,0,0,17.95937879,0,0,25.82391769,0,0,18.43962226
2023-05-08T23:00:00+0000,6.49,10.06,13.25,,,18.17232583,31.33333333,36.33333333,17.34683772,0,0,18.45983151,0,0,25.58215242,0,0,18.80736325
2023-05-09T00:00:00+0000,9.11,13.59,8.63,0,0,18.61124403,26.5,28.5,17.85341946,0,0,18.96459508,0,0,25.41921594,0.333333333,0.333333333,18.9665194
2023-05-09T01:00:00+0000,9.07,14.52,8.34,,,18.75175651,39,46.66666667,17.79492312,0,0,19.2029979,0,0,25.39182192,0.333333333,0.333333333,18.99358557
2023-05-09T02:00:00+0000,9.03,14.51,6.69,0,0,18.964699,40,47.33333333,17.74227264,0,0,19.38896386,0,0,25.35037666,0,0,19.18764104
2023-05-09T03:00:00+0000,9.29,15.39,3.13,,,19.13369077,29.33333333,36.33333333,18.08179017,0,0,19.48619052,0,0,25.28105552,0,0,19.22911922
2023-05-09T04:00:00+0000,8.78,14.80,5.85,0,0,19.33225271,58,66,18.40482858,0,0,19.50383582,0,0,25.14049585,0,0,19.25117082
2023-05-09T05:00:00+0000,8.22,14.01,7.84,0,0,19.39252901,43,50.33333333,18.41949164,0,0,19.46850646,0,0,25.11730012,0.333333333,0.333333333,19.18639443
2023-05-09T06:00:00+0000,8.60,14.94,15.88,0,0,20.24821504,40.66666667,49.66666667,18.93801301,0,0,19.78812727,0,0,17.90692985,1,1,19.54695507
2023-05-09T07:00:00+0000,9.55,17.21,16.07,0,0,19.48115131,17,20.33333333,18.39641903,0,0,19.81670754,0.333333333,0.333333333,17.39406727,0.666666667,0.666666667,19.5318693
2023-05-09T08:00:00+0000,9.97,19.91,30.21,2.5,4,17.66824569,13.33333333,14.66666667,16.7857215,1,1,19.17894232,1.333333333,2,15.9158412,0.5,0.5,19.36096861
2023-05-09T09:00:00+0000,9.42,18.15,16.59,1.666666667,6.333333333,16.48821717,10,10,16.36143903,2.333333333,3.333333333,18.63961647,1.5,5,14.74197299,4,6,18.81271537
2023-05-09T10:00:00+0000,8.71,22.84,17.76,0.666666667,7.333333333,15.99612906,18.66666667,21.33333333,15.97811372,1,5,17.85036265,1.333333333,6,14.09199591,1.333333333,6.666666667,17.6604236
2023-05-09T11:00:00+0000,8.70,24.57,16.92,1,9.666666667,15.49585048,139.6666667,142.3333333,17.03238929,1,7.333333333,17.38315291,1,8,13.80098009,2,8.666666667,16.03569128
2023-05-09T12:00:00+0000,12.45,38.87,26.58,2.666666667,9.333333333,16.70084274,34.66666667,38,17.49519169,5.666666667,6.666666667,16.79257949,1.333333333,7.666666667,14.29540668,3,8,16.64936412
2023-05-09T13:00:00+0000,12.41,37.81,26.40,1.666666667,6,18.48312557,30.33333333,36.66666667,18.83983395,3.333333333,3.333333333,17.36198335,2,6,15.61915037,4.333333333,7.333333333,17.04057235
2023-05-09T14:00:00+0000,12.15,39.43,30.17,2,6.5,17.47467564,32.66666667,36,17.84953191,2.666666667,5,16.70209591,1.666666667,5.333333333,15.08447807,2.333333333,6,15.93161523
2023-05-09T15:00:00+0000,10.57,30.62,28.39,2.666666667,8,16.65527302,26,31.66666667,18.14275863,2.333333333,5,16.89292733,1.333333333,4.333333333,14.9807249,1.666666667,5.666666667,15.47477531
2023-05-09T16:00:00+0000,3.90,7.91,16.79,0.666666667,5.333333333,17.30772664,22.33333333,28.33333333,17.61775341,0.666666667,1.333333333,16.85899841,0.333333333,4.333333333,15.15110076,0.666666667,2.333333333,16.09787593
2023-05-09T17:00:00+0000,4.48,10.53,18.27,0,5.333333333,16.22487497,8.666666667,12,16.83275332,0.666666667,6.333333333,16.0510125,0.5,5.5,13.66669324,0.333333333,4,14.76865938
2023-05-09T18:00:00+0000,2.89,4.50,16.36,0,5.333333333,18.12091527,14.66666667,19,19.48101516,0,0,18.54644714,0.333333333,4,17.0694328,3.5,5,15.84486847
2023-05-09T19:00:00+0000,2.64,4.65,13.38,0,1,18.05267319,15.5,19,18.13168071,0,0.333333333,17.95489281,0,1,16.59622877,0,1,16.6665355
2023-05-09T20:00:00+0000,3.57,6.73,11.18,0.5,3.5,19.03069194,4.333333333,5.666666667,18.67404625,0.333333333,2,18.29921111,0,3.333333333,16.78021127,0,1.666666667,17.49945903
2023-05-09T21:00:00+0000,4.79,9.71,20.42,2,5,19.37063786,7,7.666666667,19.34868162,1.333333333,1.666666667,18.94518963,0.333333333,3.333333333,17.35594229,1,3.333333333,16.61806644
2023-05-09T22:00:00+0000,4.68,9.11,16.51,0,3,18.89686501,19.33333333,21,19.65383945,0,0,19.43504341,0.333333333,1.666666667,17.90614403,1,3.333333333,15.96022851
2023-05-09T23:00:00+0000,4.17,7.75,9.71,0,2,18.77582914,23,25.66666667,19.4943433,0,0,19.57053324,0,1.666666667,18.06523779,0.333333333,1.666666667,16.00730724
2023-05-10T00:00:00+0000,3.94,6.61,4.58,0,2,18.75184311,29.33333333,35,19.44519847,0,0,19.61121853,0,0.5,18.01666749,0.666666667,1.666666667,16.33491969
2023-05-10T01:00:00+0000,3.26,5.02,3.66,,,18.83794931,27.33333333,34.66666667,19.41486094,0,0,19.50143119,0,0,17.96879525,0,0.333333333,16.76316157
2023-05-10T02:00:00+0000,2.70,4.23,2.72,0,0,18.96554515,28.66666667,35,19.48997188,0,0,19.52089652,0,0,18.03182738,0,0,16.89422448
2023-05-10T03:00:00+0000,2.54,4.12,2.51,,,18.95742275,29.33333333,33.33333333,19.52960587,0,0,19.59279671,0,0,18.1119616,0,0,17.20084782
2023-05-10T04:00:00+0000,2.71,4.52,2.78,0,0,18.93869003,26.5,30,19.55004,0,0,19.74543587,0,0,18.2512382,0,0,17.32024328
2023-05-10T05:00:00+0000,2.52,4.25,3.51,,,19.37516061,45.66666667,54,19.75596716,0,0,19.95747129,0,0,18.4734416,0,0,17.8065499
2023-05-10T06:00:00+0000,2.38,4.66,7.61,0,0,16.62325664,35,41.33333333,17.150646,0,0,17.35501992,0,0,16.24599476,0,0,16.3327928
2023-05-10T07:00:00+0000,2.30,5.53,14.26,,,15.97399553,24,28,16.227452,0,0,17.33944744,0,0,15.4787988,0,0,16.10837488
2023-05-10T08:00:00+0000,2.42,7.48,16.74,0,0,15.81852975,25.66666667,30.33333333,15.49132024,0,0,17.28969096,0,0,15.19015703,0,0,16.04423894
2023-05-10T09:00:00+0000,1.79,6.09,15.23,0,1,15.15873808,35.33333333,41.66666667,15.2894026,0,0,17.18950485,0,0,15.00002348,0,0.333333333,15.80653505
2023-05-10T10:00:00+0000,1.72,5.20,11.65,0,1.333333333,14.48695546,24.66666667,28.33333333,14.79145934,0,0,17.10985716,0,1.333333333,14.7977935,0,1.333333333,15.45326237
2023-05-10T11:00:00+0000,1.60,5.60,10.94,0,2,13.6017369,28.66666667,36.33333333,14.33977245,0,1.333333333,16.9800453,0,1.333333333,14.3090445,0,2.333333333,15.24502044
2023-05-10T12:00:00+0000,1.86,8.80,10.00,0,6,14.1863099,21.5,26,16.84508385,0,2,17.13625923,0,3,14.31313379,0,3,14.96425118
2023-05-10T13:00:00+0000,2.03,8.14,11.59,0,6.333333333,14.24890154,43,56.33333333,17.69940194,0,1,16.84725275,0,3.666666667,14.60675216,0,3.5,14.70361659
2023-05-10T14:00:00+0000,1.86,6.23,13.15,0,4.666666667,14.34973493,33.33333333,39,16.28606382,0,1.5,16.3046891,0,3.666666667,14.2752479,0,2,14.50124635
2023-05-10T15:00:00+0000,2.79,13.17,8.71,0,6,13.70681763,40,43.33333333,15.28467681,0,3.666666667,16.13732156,0,5,13.71485774,0,4,14.08234861
2023-05-10T16:00:00+0000,1.89,6.24,10.92,0,7,14.26796302,33,40.66666667,16.80242282,0,4.333333333,16.38274898,0,3.5,14.21479736,0,5,13.87101028
2023-05-10T17:00:00+0000,2.18,5.94,8.45,0,5.666666667,14.13731155,13,14,16.16477162,0,2.333333333,15.0752824,0,3,13.58006097,0,2.333333333,13.73296129
2023-05-10T18:00:00+0000,2.82,7.55,9.55,0,5.333333333,14.71250572,24,26.66666667,17.4215958,0,3.333333333,16.28400626,0,5.333333333,14.45221368,0,6.333333333,13.98179549
2023-05-10T19:00:00+0000,1.78,4.40,7.99,0,5.333333333,15.50950295,28,34,20.11627527,0,1.333333333,17.46380383,0,3,15.42128219,0.333333333,4.333333333,14.01343279
2023-05-10T20:00:00+0000,2.53,4.43,9.96,1,5,13.77463595,27.33333333,29.33333333,18.45445961,0,0,17.62357841,0,0.333333333,15.93311319,0,0,13.97231335
2023-05-10T21:00:00+0000,2.80,4.72,8.73,0,0,14.63689056,27,31,18.33297832,0,0,17.82516782,0,0,16.16412166,0,0,15.19852624
2023-05-10T22:00:00+0000,4.33,8.37,8.87,0,0,15.53629915,42.5,50.5,17.77319024,0,0,17.41178193,0,0,16.14779798,0,0,15.73469675
2023-05-10T23:00:00+0000,4.12,7.75,6.69,0,0,15.84505364,27,32,17.81541142,0,0,17.23394098,0,0,16.17392865,0,0,15.54791109
2023-05-11T00:00:00+0000,2.85,4.92,4.49,0,0,16.10603949,23.33333333,27,18.08211864,0,0,17.35525476,0,0,16.20437433,0,0,15.50780089
2023-05-11T01:00:00+0000,2.80,4.70,4.11,0,0,16.3277668,32,36.33333333,18.25818741,0,0,17.48057908,0,0,16.32191622,0,0,15.84487952
2023-05-11T02:00:00+0000,2.97,4.64,3.97,0,0,16.16268928,31,34.66666667,18.5038665,0,0,17.66840765,0,0,16.41387883,0,0,15.58467352
2023-05-11T03:00:00+0000,3.58,6.63,3.45,0,0,15.15985708,36.33333333,41.33333333,18.43442147,0,0,18.20955862,0,0,16.67448402,0,0,15.09343154
2023-05-11T04:00:00+0000,4.00,7.12,3.63,0,0,15.81989986,34.33333333,41.33333333,17.529762,0,0,18.20043919,0,0,16.71650445,0,0,15.90529307
2023-05-11T05:00:00+0000,4.00,7.19,4.66,0,0,16.63775525,34,40.33333333,16.79919323,0,0,18.07201892,0,0,16.02592764,0,0,16.82555544
2023-05-11T06:00:00+0000,5.07,9.81,9.80,0,0,12.7906048,18.33333333,20,13.63282957,0,0,13.76010362,0,0,12.63183813,0,0,13.6557297
2023-05-11T07:00:00+0000,5.50,11.25,21.07,0,0,12.18225274,30,34,13.32404733,0,0,13.6286984,0,0,12.37784004,0,0,13.15504838
2023-05-11T08:00:00+0000,5.09,9.59,17.10,0,0,12.61186571,26.66666667,31.66666667,13.17909804,0,0,13.47039326,0,0,12.23286669,0,0,13.96273387
2023-05-11T09:00:00+0000,3.90,8.14,14.97,0,0.666666667,10.45141232,16.66666667,20,11.85729175,0,0,13.06675832,0,0,11.55446325,0,0,14.80148919
2023-05-11T10:00:00+0000,2.86,6.39,12.66,0,3,11.85469661,11,13.66666667,12.69927205,0,0,12.66977011,0,1.666666667,11.92572429,0,1.333333333,15.74607877
2023-05-11T11:00:00+0000,2.63,6.07,14.19,0,4.333333333,9.854236379,33,40,12.79698757,0,0,12.75367257,0.333333333,1.333333333,11.5410827,0,2,13.10827605
2023-05-11T12:00:00+0000,2.34,4.99,19.08,,,8.963742347,17,21.33333333,13.39562301,0,0,12.58311484,0,1,12.13393079,0,0.333333333,12.30822862
2023-05-11T13:00:00+0000,2.72,5.85,36.39,0,2,5.675558477,64.33333333,77,13.44482585,0,0,13.02965732,0.666666667,1.333333333,11.9974901,0,1.333333333,10.26773309
2023-05-11T14:00:00+0000,3.67,11.27,42.14,0.666666667,1,6.131817709,50.33333333,60,13.72090678,0,0,13.23664682,0.333333333,0.333333333,12.07576515,0,0,10.6102929
2023-05-11T15:00:00+0000,2.13,5.48,29.91,0,0,6.5483368,25.33333333,30.33333333,12.55009079,0,0,12.80875234,0,1,11.14337677,0.666666667,1.333333333,12.91459157
2023-05-11T16:00:00+0000,3.35,7.28,40.80,0.333333333,3.333333333,7.431186587,0,0,11.02704039,5.666666667,10.33333333,11.49939951,0.333333333,4.666666667,10.91760096,6.666666667,9.666666667,12.67775572
2023-05-11T17:00:00+0000,3.11,9.23,32.61,0.333333333,7.333333333,8.278013084,7,8,11.75147685,0.333333333,5.333333333,11.6895891,0,8,11.18066601,0.5,8,9.314740977
2023-05-11T18:00:00+0000,3.18,7.87,30.25,0.333333333,5.666666667,10.39411152,38.33333333,40.66666667,13.60727676,0.5,1,12.63178019,0.666666667,6,12.45492757,2,7.333333333,9.316663495
2023-05-11T19:00:00+0000,3.80,6.92,17.15,1,4,10.40698896,29.66666667,38.66666667,13.74243445,0,0.333333333,13.08770949,0.333333333,1.333333333,12.44556709,1,3.333333333,9.682717139
2023-05-11T20:00:00+0000,4.23,6.00,17.55,,,10.52747004,27.33333333,34.33333333,13.97675172,0,0,13.31401317,0,0,12.79050209,0.333333333,0.333333333,10.83337736
2023-05-11T21:00:00+0000,4.22,6.87,13.50,0.333333333,0.333333333,10.64991444,42.66666667,46,13.81563831,0,0,13.44738657,0,0,12.96743984,0,0,11.7766485
2023-05-11T22:00:00+0000,4.46,6.77,31.72,,,10.09590659,47.66666667,51.66666667,13.97441663,0,0,13.64522316,0,0,13.18809156,1,1,11.66931859
2023-05-11T23:00:00+0000,4.69,7.00,28.42,0,0,10.44683116,43.66666667,48.33333333,14.00944579,0,0,13.81513397,0,0,13.36862866,0,0,11.74193355
2023-05-12T00:00:00+0000,5.26,8.66,32.44,0,0,11.47757377,52.33333333,56.66666667,13.90835786,0,0,13.89481866,0,0,13.36342718,1,1,12.39701852
2023-05-12T01:00:00+0000,5.95,9.11,26.27,0,0,12.03157548,32,43,13.7752431,2,2,13.95192831,0,0,13.38291569,2.333333333,2.333333333,12.89681532
2023-05-12T02:00:00+0000,7.68,10.45,29.96,1,1,12.75424083,47.5,71,13.7911689,5,5,14.02336157,0.333333333,0.333333333,13.45489452,7.666666667,7.666666667,13.18151644
2023-05-12T03:00:00+0000,5.71,8.27,27.42,0,0,12.75398272,50.33333333,65,13.75840664,0.666666667,0.666666667,14.10771145,0,0,13.37705332,3.666666667,3.666666667,13.66857064
2023-05-12T04:00:00+0000,5.02,7.20,19.35,0,0,13.99288948,34.66666667,53,13.80262456,0,0,14.14890784,0,0,13.36755768,2.5,2.5,13.88988134
2023-05-12T05:00:00+0000,5.07,8.07,25.84,0,0,13.78891353,44.66666667,61,13.82545193,0,0,13.04899123,0,0,12.39926491,2.333333333,2.333333333,14.39596115
2023-05-12T06:00:00+0000,5.25,8.70,34.24,0,0,8.597071516,33.33333333,42.33333333,10.92303317,0,0,6.826369679,0,0,8.091235285,2,2,8.164234122
2023-05-12T07:00:00+0000,5.81,12.33,38.14,0,0,8.912973419,38,59,13.02334286,0,0,5.702921581,0,0,8.182000087,1.666666667,1.666666667,8.519827088
2023-05-12T08:00:00+0000,6.41,17.47,42.61,0,0,9.20970525,22.33333333,34.33333333,14.7219886,0,0,4.535700236,0,0,8.167633762,1,1,9.280572039
2023-05-12T09:00:00+0000,5.85,14.97,31.54,2.5,3,9.409221012,8.666666667,11,12.89732479,0.333333333,0.333333333,2.347244202,0.666666667,1.333333333,9.203446368,2.666666667,3,9.848970197
2023-05-12T10:00:00+0000,6.16,15.46,30.43,5.333333333,6,8.920015429,29,39,7.759746043,1.333333333,1.333333333,2.54712656,1.666666667,2.333333333,9.022405754,4,4.333333333,9.510767098
2023-05-12T11:00:00+0000,5.66,14.73,28.37,3.333333333,3.666666667,8.44735919,15,21.5,8.497223769,0.333333333,0.333333333,3.458726809,2,2,8.837840457,3.666666667,3.666666667,10.1206331
2023-05-12T12:00:00+0000,5.98,15.39,28.40,3.666666667,4.333333333,8.6610912,13.33333333,19,11.69294407,2,3,4.617902119,3.333333333,4.333333333,8.797433076,4.333333333,5,10.58313331
2023-05-12T13:00:00+0000,5.79,15.94,28.20,3.666666667,5.666666667,9.877300697,8.666666667,14,11.0858945,3.666666667,7,2.569884282,1.666666667,5.666666667,10.15805341,4.5,6,10.81029842
2023-05-12T14:00:00+0000,5.78,15.06,30.29,4.666666667,8.333333333,10.51426888,9.333333333,12,11.13083628,5,7.666666667,3.918751783,1.5,7,10.48415185,5.333333333,9,11.22272821
2023-05-12T15:00:00+0000,6.04,17.48,24.96,2.666666667,8,11.17802449,3,5.666666667,11.66124589,3.666666667,9.666666667,3.648376707,2.666666667,9,11.1339749,5,9.666666667,11.82320036
2023-05-12T16:00:00+0000,4.56,11.23,19.55,1.666666667,7.666666667,10.926726,0,3.333333333,11.74119628,1.333333333,7.666666667,3.671593361,1,8.666666667,10.87244285,2.666666667,9.333333333,12.62769655
2023-05-12T17:00:00+0000,4.35,10.39,24.43,1.666666667,7.666666667,10.7633421,0.666666667,4.666666667,12.30330497,3.333333333,7.666666667,5.198877797,2,8.333333333,10.91832293,2.666666667,8.666666667,12.54242775
2023-05-12T18:00:00+0000,4.69,9.70,28.44,2.666666667,8.333333333,10.34511836,38.66666667,48,7.770547386,2.333333333,5.333333333,4.999183475,2.666666667,7.666666667,11.31065448,3.666666667,9,11.46179029
2023-05-12T19:00:00+0000,4.26,7.48,26.41,4.5,7.5,9.797427141,48.5,59.5,7.28213234,1.333333333,1.333333333,7.552071245,3.333333333,5,9.963456387,5.666666667,7,10.46083389
2023-05-12T20:00:00+0000,5.33,11.94,41.07,,,9.337582585,64.66666667,71.33333333,7.655906036,1.333333333,1.333333333,7.42177118,2.666666667,2.666666667,9.645178527,5.333333333,5.333333333,10.26669338
2023-05-12T21:00:00+0000,5.40,13.93,28.74,3.333333333,4,9.117541095,57.33333333,59.33333333,7.391777657,0.666666667,0.666666667,7.126963278,1.333333333,1.333333333,9.600293338,4.333333333,4.333333333,9.854762376
2023-05-12T22:00:00+0000,4.76,8.56,24.66,,,9.053930878,49.66666667,51.33333333,7.956288293,0,0,7.409175682,0,0,9.345021852,3,3,9.459814937
2023-05-12T23:00:00+0000,4.58,7.34,21.11,1,1,8.9314459,51.33333333,53.33333333,7.940549573,0,0,7.341609669,0.333333333,0.333333333,9.161402871,1.333333333,1.333333333,9.193069257
2023-05-13T00:00:00+0000,6.21,10.12,34.18,,,8.818429183,51,52,8.121161511,2,2,7.211159121,1.666666667,1.666666667,8.908840175,4.333333333,4.333333333,8.884235685
2023-05-13T01:00:00+0000,8.49,15.47,38.02,5,5,8.680365923,46,49.66666667,8.517952968,5,5,7.459162424,3.666666667,3.666666667,8.705202702,8,8,8.677251598
2023-05-13T02:00:00+0000,8.95,11.61,35.28,,,8.728028853,48.66666667,60.66666667,9.064431376,6.666666667,6.666666667,7.562384704,5,5,8.63085163,10.66666667,10.66666667,8.454010409
2023-05-13T03:00:00+0000,9.47,13.27,35.02,3.666666667,3.666666667,8.559534959,42.33333333,51,8.822229851,7.333333333,7.333333333,6.9378065,4.333333333,4.333333333,8.668226429,11.33333333,11.33333333,8.39151223
2023-05-13T04:00:00+0000,8.70,12.13,29.74,,,8.253744426,41,44.66666667,8.504793668,9,9,6.659536625,4.333333333,4.333333333,8.567909401,12.33333333,12.33333333,8.377264288
2023-05-13T05:00:00+0000,7.19,8.00,20.18,6,6,8.319377821,36.33333333,39.33333333,10.34550993,6.666666667,6.666666667,6.744548431,1.333333333,1.333333333,8.532938111,8.333333333,8.333333333,8.282271926
2023-05-13T06:00:00+0000,7.65,9.45,28.49,,,8.245188676,38.5,43.5,8.820691219,7,7,7.168673888,3,3,8.05818177,7.333333333,7.333333333,9.333664561
2023-05-13T07:00:00+0000,4.53,6.10,19.06,0,0,8.485924561,50.66666667,59.66666667,8.722190495,0.666666667,0.666666667,6.802058532,0,0,8.04379244,2,2,9.923017939
2023-05-13T08:00:00+0000,5.29,8.55,27.38,,,8.347417013,47.33333333,60.66666667,9.298384974,1.333333333,1.333333333,6.337525855,0.666666667,0.666666667,8.090013423,1.666666667,1.666666667,9.978057624
2023-05-13T09:00:00+0000,5.62,7.52,28.96,1,1,7.872576368,40.33333333,76.66666667,9.452550731,1.333333333,1.333333333,6.232740225,2,2,8.226789526,4,4,9.677482906
2023-05-13T10:00:00+0000,6.14,8.81,24.89,2.666666667,2.666666667,7.496117643,22.33333333,68.66666667,9.426791905,4.333333333,4.333333333,6.290936829,2,2,8.3053536,4.333333333,4.333333333,9.70623764
2023-05-13T11:00:00+0000,6.60,10.90,37.79,5.333333333,5.333333333,6.049985083,1.333333333,1.333333333,10.51594496,5,5,6.507415149,6.333333333,6.333333333,8.374997579,6.666666667,6.666666667,9.626703896
2023-05-13T12:00:00+0000,9.10,13.30,25.78,11,11,6.494646212,7.666666667,8,8.583832818,7.333333333,7.333333333,5.591553171,8.666666667,8.666666667,8.257481435,13,13,9.467235135
2023-05-13T13:00:00+0000,9.29,12.11,16.51,13.33333333,13.33333333,6.220760703,0.666666667,3,9.586002099,13,13,6.943077682,11,11,8.457207903,14.66666667,14.66666667,9.293636218
2023-05-13T14:00:00+0000,11.51,14.73,18.13,15.33333333,15.33333333,7.914891524,18,23.5,7.961312267,15,15,5.861013605,15.33333333,15.33333333,8.044683735,16.66666667,16.66666667,9.425890346
2023-05-13T15:00:00+0000,13.21,15.72,15.82,19,19,8.201552823,25,31,8.111590801,14.66666667,14.66666667,6.29128427,17,17,8.073562541,21.66666667,22,8.562397351
2023-05-13T16:00:00+0000,13.52,16.92,19.05,19.33333333,19.33333333,7.9807656,26.33333333,35.33333333,8.608846659,18,18,6.895874081,16,16,8.173913343,22.33333333,22.66666667,8.100551886
2023-05-13T17:00:00+0000,16.42,19.20,22.51,23,23,8.92362647,35.33333333,45.66666667,8.084199685,17.66666667,17.66666667,6.674684276,20.33333333,20.33333333,8.020666525,25.33333333,26.66666667,9.105929718
2023-05-13T18:00:00+0000,16.51,18.44,11.80,,,9.585028195,43,49.33333333,7.810393003,16.33333333,16.33333333,7.242301416,14,14,8.059592208,23,24.5,8.923833284
2023-05-13T19:00:00+0000,14.92,18.09,14.46,19,19,9.066832168,52.33333333,58,7.868630891,17.66666667,17.66666667,7.351877448,17,17,8.08338983,23,23.33333333,8.598392991
2023-05-13T20:00:00+0000,14.75,19.64,21.83,21,21,8.482432214,47.33333333,52,8.027593029,19.33333333,19.33333333,7.287819052,18.66666667,18.66666667,8.078782036,24,24,8.715951926
2023-05-13T21:00:00+0000,15.80,18.52,26.18,23,23,8.084636944,46.66666667,51.66666667,8.287860022,20.33333333,20.33333333,7.145566773,15.5,15.5,8.076684862,27.66666667,28.33333333,8.916217887
2023-05-13T22:00:00+0000,15.76,19.19,21.34,21.5,21.5,8.214634912,51,52.33333333,8.460790047,20,20,6.962818566,19,19,8.03413701,28.66666667,29.33333333,9.248842808
2023-05-13T23:00:00+0000,15.82,21.92,29.64,18,18,8.034969971,54.5,62.5,8.8268335,20.66666667,20.66666667,6.593039672,17,17,8.011112445,28.66666667,29.33333333,9.415479291
2023-05-14T00:00:00+0000,10.52,12.64,37.55,8.333333333,8.333333333,8.075911447,46.66666667,64,9.615168482,8.333333333,8.333333333,6.670991281,8,8,8.081575052,14.33333333,14.66666667,9.666880543
2023-05-14T01:00:00+0000,4.90,6.86,9.47,0,0,8.21328846,17.66666667,23.33333333,9.323386625,0.666666667,0.666666667,6.19597254,1,1,8.159110839,1.666666667,1.666666667,9.895265204
2023-05-14T02:00:00+0000,4.62,6.31,9.55,,,8.175828792,14,15.66666667,8.780275144,1,1,6.098433593,2.666666667,2.666666667,8.1431697,3.333333333,3.333333333,9.798876398
2023-05-14T03:00:00+0000,5.16,6.73,14.99,4,4,8.536409106,44.66666667,51.66666667,8.129125963,0.666666667,0.666666667,6.057284212,2.666666667,2.666666667,8.086038379,5,5,9.610854112
2023-05-14T04:00:00+0000,5.58,7.50,17.46,3,3,8.658267147,54.66666667,56.66666667,8.165759631,0,0,6.514078269,2.333333333,2.333333333,8.087376403,5.666666667,5.666666667,9.336217873
2023-05-14T05:00:00+0000,6.55,10.19,21.16,5,5,8.978364113,57,61.66666667,8.598048075,1,1,6.850060236,2.5,2.5,8.074405147,6.333333333,6.333333333,9.457452701
2023-05-14T06:00:00+0000,7.41,12.77,37.66,3.5,3.5,9.142732909,64,72.33333333,8.783862763,2.666666667,2.666666667,7.950696852,3.666666667,3.666666667,7.869596165,8.333333333,8.333333333,9.698606473
2023-05-14T07:00:00+0000,7.77,10.84,35.48,5.666666667,5.666666667,8.934203735,55,68,8.763564021,6.333333333,6.333333333,7.858868024,6,6,7.694531121,10,10,9.959726338
2023-05-14T08:00:00+0000,4.95,7.12,16.22,2.333333333,2.333333333,8.80376756,9,9.666666667,8.813412522,2,2,7.738201835,3,3,7.669806395,2.666666667,2.666666667,9.961527845
2023-05-14T09:00:00+0000,3.23,5.40,5.50,0.666666667,1.666666667,8.575338339,0,0,8.749328457,0.666666667,0.666666667,7.598357421,1,3,7.777999657,2,2.666666667,9.807855024
2023-05-14T10:00:00+0000,2.68,4.41,5.63,1,5.333333333,8.648155489,21.66666667,23,8.366550456,0.333333333,0.333333333,7.518559982,1,2,7.465579174,1,4.333333333,9.719254023
2023-05-14T11:00:00+0000,1.35,2.32,5.54,0,0,8.976402748,18,19.33333333,8.378024915,0,0,7.457807427,0,1,7.218446885,0,0,9.664528494
2023-05-14T12:00:00+0000,1.47,2.24,9.35,,,9.257775922,22,26.66666667,8.22392838,0,0,7.47976448,0,0.666666667,7.367928333,0,0,9.704687088
2023-05-14T13:00:00+0000,1.86,3.55,16.47,0,0,9.604474732,29.66666667,38,8.23262104,0,0,7.690886495,0,0.5,7.454000287,0,0,10.05107169
2023-05-14T14:00:00+0000,3.05,6.83,22.11,0,0.333333333,9.621320231,0,1,8.386091735,0.333333333,1.666666667,7.722910639,0,1.333333333,7.590824774,0.333333333,0.666666667,9.869959697
2023-05-14T15:00:00+0000,4.43,8.04,16.24,1,7,8.370902822,20.66666667,23,8.7436605,1,6.666666667,7.72328269,0.333333333,5.333333333,7.672380803,1,4.333333333,9.186250284
2023-05-14T16:00:00+0000,5.23,10.22,17.21,0.666666667,9.333333333,8.882174871,69,69,8.307177099,1,10,7.483026886,1,8.666666667,6.619380907,1,8.666666667,8.927087895
2023-05-14T17:00:00+0000,4.57,9.13,16.15,0,9,9.002723007,153.3333333,154,8.400020115,1,8.666666667,7.83800185,0.666666667,8.333333333,7.062047881,1,8.333333333,8.420213976
2023-05-14T18:00:00+0000,2.74,5.64,14.98,0,8.666666667,9.949718159,117,120,7.892284819,0,7.333333333,7.869134645,0,7.666666667,6.646578154,0,7,8.712286695
2023-05-14T19:00:00+0000,3.17,6.19,22.93,0,8,9.834974786,17,21.33333333,7.926396289,0,6,8.030600852,2,8,7.167322624,0.333333333,6.666666667,8.768949998
2023-05-14T20:00:00+0000,3.01,6.74,23.00,0,8,9.282558353,45,48.33333333,7.844347866,0,6.333333333,7.931497159,0,7,7.218506327,0,6.333333333,8.599721667
2023-05-14T21:00:00+0000,2.96,6.83,22.88,0,8.333333333,6.330036839,70.66666667,73,7.976350986,0,5.333333333,7.791003171,0,7,7.375571732,0,6.666666667,7.932070261
2023-05-14T22:00:00+0000,3.55,7.38,29.03,0,7,5.054384594,35.33333333,37.33333333,8.362462264,0.333333333,5.333333333,7.809997518,0,6,7.520857856,0,6,7.648946038
2023-05-14T23:00:00+0000,3.82,7.46,29.93,0.5,6.5,5.798583967,6,8.666666667,8.351283592,0.333333333,4,7.947546148,0,5.666666667,7.506439441,1.5,6.5,7.944054658
2023-05-15T00:00:00+0000,4.09,8.55,12.58,0,7,6.152399191,2.333333333,4.666666667,8.273747725,0,1.333333333,8.175185445,0.333333333,3.333333333,7.68085648,0,4.333333333,8.016378233
2023-05-15T01:00:00+0000,4.09,8.34,5.81,0,2.5,6.405991931,16,17.66666667,8.2981058,0,0,8.376544534,0,2.333333333,7.871370337,0,3.333333333,8.011269538
2023-05-15T02:00:00+0000,4.04,8.39,4.91,0,2,6.500156925,35,36.66666667,8.343535726,0,0,8.536998436,0.333333333,1,8.073040471,0,1.666666667,8.070900595
2023-05-15T03:00:00+0000,4.25,9.03,6.40,0,0,6.579121298,25.5,25.5,8.396601928,0,0,8.683670927,0,0,8.280356296,0.333333333,0.666666667,8.164588312
2023-05-15T04:00:00+0000,3.86,8.10,6.11,0,0,6.920668227,31.66666667,31.66666667,8.361013787,0,0,8.815622726,0,0,8.479887867,0,0,8.265123506
2023-05-15T05:00:00+0000,3.87,7.91,10.97,0,0,6.810478951,22,22.33333333,8.431007705,0,0,8.963037567,0,0,8.66922377,0,0,8.351649333
2023-05-15T06:00:00+0000,3.96,8.35,15.69,0,0,6.313203768,16,16,8.601495993,0,0,8.984008091,0,0,8.678285858,0,0,8.27656513
2023-05-15T07:00:00+0000,3.92,8.34,22.43,0,2,5.848131861,19.33333333,19.33333333,9.056238978,0,0,8.836138739,0,0,8.666447354,0,0.333333333,8.350578736
2023-05-15T08:00:00+0000,4.00,9.64,21.91,0,2,5.965842992,0.666666667,4,9.151405503,0.333333333,0.666666667,8.522237899,0,2.666666667,7.893863936,0,1,8.602575139
2023-05-15T09:00:00+0000,4.08,14.10,27.52,0,4,4.146348704,84.33333333,85.66666667,8.923694902,0.333333333,4,8.104425115,0,6,7.478799575,0,4.333333333,7.907367075
2023-05-15T10:00:00+0000,3.72,13.06,26.47,0,9.333333333,4.140147082,157,159,8.135896801,0,6.666666667,7.737383033,0,8.333333333,6.608748635,0,6.333333333,7.632702268
2023-05-15T11:00:00+0000,3.46,14.14,31.41,0,9.666666667,4.259396682,99.33333333,102.6666667,8.028403648,5,10.33333333,7.804969516,0,9.333333333,6.801793064,0,7.333333333,7.55706364
2023-05-15T12:00:00+0000,3.01,11.70,32.45,0,10,5.300346579,22.66666667,29.66666667,8.0688023,0,9,7.924138121,0,9,6.673693942,0,8.333333333,7.905000533
2023-05-15T13:00:00+0000,3.43,13.87,29.78,0,10,5.308148912,109,110.5,8.191902741,0,8.333333333,8.115031984,0,9,6.626996469,0,9,7.284862062
2023-05-15T14:00:00+0000,6.85,34.77,37.76,0.333333333,10.66666667,5.522073253,107.3333333,108.6666667,7.810823754,0.333333333,8.666666667,7.659831553,0.333333333,10,6.371641342,0,8.666666667,7.325537398
2023-05-15T15:00:00+0000,7.48,37.39,32.20,0.5,9.5,6.513300384,35,40,7.798137924,0.333333333,6.666666667,7.854365484,0,8,6.98181636,0,7.666666667,7.980659117
2023-05-15T16:00:00+0000,7.76,41.28,23.20,0,9.333333333,6.088535623,8,13.66666667,8.155607324,0,7.333333333,8.122386727,0,7.666666667,7.100572395,0,7,7.784743287
2023-05-15T17:00:00+0000,5.99,25.47,29.41,0,8.333333333,5.119472393,59.66666667,61.66666667,7.989972157,0.666666667,8.333333333,7.717690152,0,8.666666667,6.228402047,0,8,6.845592864
2023-05-15T18:00:00+0000,4.34,16.23,29.05,0,8,5.583166153,60.33333333,63.66666667,8.03025032,0,7.333333333,7.825639299,0,7.666666667,7.022301744,0,7,7.882524795
2023-05-15T19:00:00+0000,3.82,12.29,19.26,0,8,6.435960778,0.333333333,6,7.981483908,0,6.333333333,7.779638529,0,7,6.960709844,0,6.666666667,8.242996499
2023-05-15T20:00:00+0000,4.18,11.36,25.86,0,8.333333333,3.91853234,0,5.333333333,8.223496108,0.333333333,5.666666667,7.73843296,0.333333333,8,6.90258378,0.333333333,6.666666667,7.165450144
2023-05-15T21:00:00+0000,4.02,10.34,29.62,0,7,2.657460474,0,5,8.592150109,0.5,5,7.784356394,0,6.333333333,6.973863071,0,6.666666667,6.942200431
2023-05-15T22:00:00+0000,6.83,12.49,55.52,4.333333333,9.333333333,3.039759718,7,9.5,8.656678662,2.333333333,6.666666667,7.760373683,5.666666667,9.333333333,7.133805555,6.666666667,10,7.086386353
2023-05-15T23:00:00+0000,4.63,10.26,25.34,,,3.54630659,12.33333333,14.33333333,8.528380664,1,4.333333333,7.787603302,0.666666667,6.333333333,7.072454241,0.666666667,6,7.415625114
2023-05-16T00:00:00+0000,3.85,8.36,13.82,0,5,4.83526629,44.66666667,46.33333333,8.39968432,0.333333333,2.333333333,7.896128979,0.333333333,4.666666667,7.252341013,0.333333333,4.333333333,7.55807817
2023-05-16T01:00:00+0000,3.49,7.01,12.25,,,5.045466844,32.33333333,33.66666667,8.358183588,0.333333333,0.333333333,8.005741548,0,3,7.502681917,0,3.666666667,7.651666163
2023-05-16T02:00:00+0000,3.40,6.65,14.83,0.333333333,2,5.103986188,45,47.33333333,8.401133565,0,0,8.160676973,0.333333333,1.333333333,7.73692138,0.666666667,2,7.740607978
2023-05-16T03:00:00+0000,3.68,7.19,13.44,,,5.378535403,47.33333333,48.33333333,8.447457825,0,0,8.315725813,0.333333333,0.666666667,7.963371084,1.333333333,1.666666667,7.804263565
2023-05-16T04:00:00+0000,3.71,7.01,10.85,0,0,5.592682688,45.66666667,46.33333333,8.441633285,0,0,8.456495591,0,0,8.131364729,0.5,0.5,7.882506231
2023-05-16T05:00:00+0000,3.92,8.99,13.08,0,0,5.510821673,47.66666667,48,8.705329243,0,0,8.585031381,0,0,8.308600161,0.666666667,0.666666667,7.917567021
2023-05-16T06:00:00+0000,4.94,11.99,22.46,0,0,4.538439676,42,43.33333333,9.741535462,0,0,9.271864444,0,0,8.91807829,0,0,8.234974154
2023-05-16T07:00:00+0000,5.64,13.17,30.33,0,0,3.200072123,13.5,13.5,10.16012876,0.666666667,0.666666667,9.136105137,1,1.666666667,8.789261146,0.666666667,0.666666667,8.062185943
2023-05-16T08:00:00+0000,7.65,19.63,44.01,3.5,8,3.326439094,10,11,9.61491054,2.333333333,3.333333333,8.625511436,1.666666667,4.333333333,7.914773218,2.666666667,4,7.868216942
2023-05-16T09:00:00+0000,9.28,20.16,27.44,2.666666667,10,3.534829451,8.333333333,13,8.259918363,3.666666667,7.666666667,8.077771509,2.333333333,7.666666667,6.920536105,3,7.333333333,7.167631904
2023-05-16T10:00:00+0000,12.03,37.16,32.24,3,12.33333333,3.926952474,127,128,8.091945294,2.666666667,10.66666667,7.445611044,1,9.666666667,6.097822511,3.666666667,9.333333333,6.956665531
2023-05-16T11:00:00+0000,14.54,64.07,27.29,1.333333333,12.33333333,3.018864549,136.3333333,137.6666667,6.666016407,4.5,11.5,7.047066443,5.5,13.5,5.30808428,3.333333333,12,5.615195752
2023-05-16T12:00:00+0000,,,24.27,3,13.33333333,5.232751737,113,115.3333333,7.51138519,3.666666667,12.33333333,7.014224761,1.666666667,12.33333333,4.240586853,4.333333333,13.33333333,7.234043672
2023-05-16T13:00:00+0000,9.80,23.07,24.80,3.333333333,13.66666667,7.359613058,103,105,6.878998924,5.666666667,13.33333333,7.001885137,3.333333333,13.66666667,5.601778116,7.5,15,6.633931253
2023-05-16T14:00:00+0000,8.63,18.94,18.22,3,13,8.603447271,91.66666667,92.33333333,7.266636341,4.666666667,13.66666667,7.012802162,2,12,5.876653125,4.666666667,12.66666667,5.335166639
2023-05-16T15:00:00+0000,8.20,17.59,21.60,2,12.66666667,8.829552733,86.66666667,89,7.117525138,3.666666667,12.66666667,6.870811855,2,12.66666667,5.784000504,4.333333333,13.33333333,4.608513476
2023-05-16T16:00:00+0000,9.81,28.55,27.25,3.333333333,12.66666667,9.690581154,71.5,72.5,6.329533659,2.666666667,11.33333333,7.1134946,3,12.66666667,5.399928896,4,13.33333333,5.027142598
2023-05-16T17:00:00+0000,11.68,40.40,28.98,2.666666667,12.33333333,9.248284261,8,13,6.836491778,4.666666667,9,7.612841423,3.333333333,10.33333333,6.70019887,3,11.33333333,5.547858074
2023-05-16T18:00:00+0000,8.10,19.39,29.54,2.333333333,10,6.987784557,8,13.33333333,7.228814845,2.666666667,10.66666667,7.500590082,1.5,9.5,6.613447435,2.333333333,8.666666667,4.860433536
2023-05-16T19:00:00+0000,6.25,12.78,17.81,1.666666667,12,4.911905082,120.6666667,121.6666667,6.888471816,2,10.33333333,7.514301517,1,10,6.389558307,1.666666667,10,4.47647041
2023-05-16T20:00:00+0000,9.40,20.91,48.05,7,13,2.07262703,96.66666667,100.6666667,7.628963779,4.333333333,9.333333333,7.796959733,2,9.666666667,6.862978714,6.666666667,12.33333333,4.76301397
2023-05-16T21:00:00+0000,9.96,20.21,45.95,,,2.398750414,51.33333333,55.33333333,8.122095348,5.333333333,6.666666667,8.062477019,3.666666667,8.333333333,7.270666312,7.666666667,10.66666667,5.434715562
2023-05-16T22:00:00+0000,9.63,17.15,43.73,7,7,3.249072965,45.66666667,47.66666667,8.307828582,4,4,8.250200464,5.666666667,5.666666667,7.451090778,6.666666667,6.666666667,6.146990153
2023-05-16T23:00:00+0000,9.15,15.45,46.70,7,7.5,4.214260342,37.33333333,39.66666667,8.422093386,4,4,8.45398753,6.333333333,6.333333333,7.57124671,6.5,6.5,6.653961486
2023-05-17T00:00:00+0000,10.51,17.69,48.53,8,8,4.178729593,46.33333333,48.33333333,8.753772286,6.333333333,6.333333333,8.533059231,6.333333333,6.666666667,7.760736227,9.333333333,9.333333333,6.653079561
2023-05-17T01:00:00+0000,9.74,17.43,25.15,6,6.5,4.446200038,74.5,80.5,8.719846709,4,4,8.532567757,5.666666667,6.666666667,7.642022692,8,8,6.803099015
2023-05-17T02:00:00+0000,9.46,15.84,24.90,,,5.195370937,37.33333333,38.33333333,8.562572998,4.333333333,4.333333333,8.661174592,5.333333333,5.333333333,7.973834221,8.333333333,8.333333333,7.128819583
2023-05-17T03:00:00+0000,9.71,15.16,21.77,7.666666667,7.666666667,6.323085114,32.33333333,35,8.411072341,3.333333333,3.333333333,8.761595038,5,5,8.107096066,9,9,7.402951467
2023-05-17T04:00:00+0000,9.25,13.79,22.48,,,6.459161102,33,35.66666667,8.481114668,3.666666667,3.666666667,8.857536985,4.666666667,4.666666667,8.313826354,7,7,7.572098323
2023-05-17T05:00:00+0000,8.94,13.70,23.36,3.666666667,3.666666667,6.367946275,32,33.66666667,8.567285228,2.666666667,2.666666667,8.922704896,3.333333333,3.333333333,8.564977349,6.333333333,6.333333333,7.643104045
2023-05-17T06:00:00+0000,9.34,15.97,33.96,,,7.708606322,36.66666667,39.33333333,8.918773938,2.666666667,2.666666667,9.490997281,4.333333333,4.333333333,9.297564018,6.333333333,6.333333333,8.112191354
2023-05-17T07:00:00+0000,9.65,15.29,32.76,5.333333333,5.333333333,7.26114778,41.33333333,47.66666667,8.586866209,4.666666667,4.666666667,8.589089071,7,7.333333333,9.107567066,9,9,8.185497969
2023-05-17T08:00:00+0000,12.06,23.45,47.67,11.66666667,12,5.57094465,5.333333333,9,7.319665586,9.333333333,9.333333333,6.407678216,11.33333333,11.33333333,7.552443824,12,12,7.484119732
2023-05-17T09:00:00+0000,13.88,42.27,52.31,11,15,3.641865366,0,8.333333333,5.393106641,10,12.33333333,5.006382286,10.33333333,13.66666667,6.723454101,10,12,6.656477178
2023-05-17T10:00:00+0000,16.55,59.04,42.87,10.66666667,16.66666667,4.695328887,8,13,4.991771835,13,14,5.127546509,11,13,9.436885516,14.66666667,16,6.604616106
2023-05-17T11:00:00+0000,13.61,51.84,30.07,7.333333333,13.33333333,4.108764417,64.33333333,67,4.874502524,7.333333333,11.66666667,3.762354598,5.666666667,11,6.670754587,9.333333333,12,4.500857496
2023-05-17T12:00:00+0000,13.08,43.37,27.23,9,15,5.319424404,7.333333333,13.66666667,4.718550665,8.666666667,12.33333333,4.270524751,6,12.33333333,9.413339737,7.333333333,12,5.119156648
2023-05-17T13:00:00+0000,14.85,50.68,31.21,9.5,12.5,6.636067498,15.33333333,21.33333333,5.663728127,9.666666667,12,4.66409427,6.666666667,11,8.187306709,10.66666667,14,5.940747752
2023-05-17T14:00:00+0000,14.36,56.19,31.71,7,12,6.146962353,6.333333333,11,5.482905518,7.666666667,11.33333333,3.874742033,5.333333333,10.66666667,8.0276622,7.333333333,12.33333333,5.133177719
2023-05-17T15:00:00+0000,16.50,79.89,23.85,6.333333333,12.66666667,5.622420901,22.33333333,24,5.255959723,7,12,2.454251199,7,12.33333333,7.268156514,7,12.33333333,4.268395218
2023-05-17T16:00:00+0000,14.39,67.00,23.90,3.333333333,12,5.612400023,9,15.66666667,4.939691147,6.666666667,12,2.7358529,3.666666667,11,8.082343306,7,12,4.007642399
2023-05-17T17:00:00+0000,10.41,29.48,19.67,5.666666667,11.33333333,5.267749961,20.66666667,25,5.031968914,6.666666667,11.33333333,2.33804242,5,10,5.489081343,7,12,4.004748628
2023-05-17T18:00:00+0000,8.40,13.75,8.30,7.666666667,14.66666667,4.730722143,60,65,4.463650495,8.333333333,14.66666667,2.565463013,6.333333333,14.66666667,8.074217551,8,13.66666667,3.870861731
2023-05-17T19:00:00+0000,8.41,14.26,10.16,3,13.66666667,5.08664203,142,143,4.924875959,8.666666667,13.66666667,3.663063459,6.666666667,14,7.087023882,10.33333333,15.66666667,4.192570872
2023-05-17T20:00:00+0000,7.46,12.89,13.81,4.666666667,13.66666667,4.431125382,88,90.33333333,5.346231294,5.666666667,11.33333333,4.90284742,4.666666667,12.33333333,8.091838025,5.666666667,13.33333333,4.111509675
2023-05-17T21:00:00+0000,7.82,13.38,11.51,5.666666667,11.33333333,3.900683268,14,21.33333333,6.210139863,6,8.333333333,6.232887355,5.666666667,9.666666667,7.924609866,7,11.66666667,4.47658701
2023-05-17T22:00:00+0000,6.58,10.27,9.24,2.666666667,8.666666667,4.498883491,14,20.33333333,6.853474116,5.333333333,8.333333333,7.09635083,3.333333333,8.333333333,7.799811205,4.666666667,9,5.262998532
2023-05-17T23:00:00+0000,6.17,9.85,8.08,2,8,5.109892113,0.666666667,6,7.289034149,3,7.333333333,7.675123756,1.666666667,7.666666667,7.818286758,4.333333333,9.333333333,5.877776532
